Accesion Code;Submission_ID;Submission_date;Virus_Acronym;Sequence_ID;Isolate;Bioproject;Country
BK074935;3004499;14/09/2025 23:17;BNYVV;BNYVV_SRR2012580_RNA2;SRR2012580;PRJNA283237;China
BK074936;3004499;14/09/2025 23:17;BNYVV;BNYVV_SRR2012580_RNA3;SRR2012580;PRJNA283237;China
BK074937;3004510;14/09/2025 23:36;BBWV2;BBWV2_SRR16591799_RNA1;SRR16591799;PRJNA760286;China
BK074938;3004510;14/09/2025 23:36;BBWV2;BBWV2_SRR16591799_RNA2;SRR16591799;PRJNA760286;China
BK074939;3004510;14/09/2025 23:36;BBWV2;BBWV2_SRR13753805_RNA2;SRR13753805;PRJNA703321;China
BK074934;2996843;14/09/2025 21:34;CVX;CVX_SRR12876607;SRR12876607;PRJNA669257;China
BK074940;3004516;14/09/2025 23:48;CpRLV2;CpRLV2_SRR22225475;SRR22225475;PRJNA899319;China
BK074941;3004520;14/09/2025 23:54;EAPV;EAPV_SRR16573718;SRR16573718;PRJNA760286;China
BK074942;3004809;15/09/2025 18:57;GFabV;GFabV_SRR15793081_RNA1;SRR15793081;PRJNA760286;China
BK074943;3004809;15/09/2025 18:57;GFabV;GFabV_SRR15793081_RNA2;SRR15793081;PRJNA760286;China
BK074944;3004810;15/09/2025 19:37;LMoV;LMoV_SRR13124375;SRR13124375;PRJNA680456;China
BK074945;3004814;15/09/2025 20:15;PotVH;PotVH_SRR15057280_RNA1;SRR15057280;PRJNA744344;China
BK074946;3004814;15/09/2025 20:15;PotVH;PotVH_SRR25654682_RNA1;SRR25654682;PRJNA1004100;China
BK074947;3004816;15/09/2025 20:25;PVY;PVY_SRR10008493;SRR10008493;PRJNA561268;China
BK074948;3004818;15/09/2025 20:31;SYSV;SYSV_SRR15836373;SRR15836373;PRJNA762115;China
BK074949;3004819;15/09/2025 20:44;SCMV;SCMV_SRR5722160;SRR5722160;PRJNA310678;China
BK074950;3004823;15/09/2025 21:00;TYLCV;TYLCV_SRR7275399;SRR7275399;PRJNA474994;China
BK074951;3005200;16/09/2025 12:07;PaaAV1;PaaAV1_SRR9842179;SRR9842179;PRJNA550294;China
BK074952;3005206;16/09/2025 12:26;PpgaOV1;PpgaOV1_SRR18919255_RNA3;SRR18919255;PRJNA739531;China
BK074953;3005206;16/09/2025 12:26;CalanOV1;CalanOV1_DRR172088_RNA3;NA;PRJDB6652;Japan
BK074954;3005210;17/09/2025 13:13;OfaBLV1;OfaBLV1_SRR10189348_RNA1;SRR10189348;PRJNA574279;Greece
BK074955;3005210;17/09/2025 13:13;HfaBLV1;HfaBLV1_SRR5722142_RNA1;SRR5722142;PRJNA310678;China
BK074956;3005210;17/09/2025 13:13;OmaBLV1;OmaBLV1_SRR27827613_RNA1;SRR27827613;PRJNA1071039;Poland
BK074957;3005210;17/09/2025 13:13;OhaBLV1;OhaBLV1_SRR8863099_RNA1;SRR8863099;PRJNA531300;India
BK075100;3006228;2/10/2025 0:02;GraBLV1;GraBLV1_SRR8175675_RNA1;SRR8175675;PRJNA504609;Italy
BK074958;3005210;17/09/2025 13:13;EhaBLV1;EhaBLV1_SRR27827655_RNA1;SRR27827655;PRJNA1071039;Poland
BK074959;3005210;17/09/2025 13:13;EhaBLV1;EhaBLV1_SRR27827664_RNA1;SRR27827664;PRJNA1071039;Poland
BK074960;3005656;17/09/2025 13:40;VanShV1;VanShV1_SRR5722151_RNA1;SRR5722151;PRJNA310678;China
BK074961;3005659;17/09/2025 13:52;CfaCVL1;CfaCVL1_SRR26456932_RNA1;SRR26456932;PRJNA1029356;China
BK074962;3005663;17/09/2025 14:13;PaCVL1;PaCVL1_SRR6513343_RNA1;SRR6513343;PRJNA431671;China
BK074963;3005663;17/09/2025 14:13;PaCVL1;PaCVL1_SRR1413312_RNA1;SRR1413312;PRJNA252662;uncalculated
BK074964;3005663;17/09/2025 14:13;PaCVL2;PaCVL2_SRR15793056_RNA1;SRR15793056;PRJNA760286;China
BK074965;3005663;17/09/2025 14:13;PaCVL2;PaCVL2_SRR1413099_RNA1;SRR1413099;PRJNA252662;uncalculated
BK074966;3005663;17/09/2025 14:13;PaCVL2;PaCVL2_SRR1405683_RNA1;SRR1405683;PRJNA252662;uncalculated
BK074967;3005673;17/09/2025 15:03;EaDV;EaDV_SRR27827662_RNA1;SRR27827662;PRJNA1071039;Poland
BK074968;3005679;17/09/2025 15:07;DfaDLV;DfaDLV_SRR17665597_RNA1;SRR17665597;PRJNA317244;Hungary
BK074969;3005682;17/09/2025 15:22;EhaBV;EhaBV_SRR27827655_RNA1;SRR27827655;PRJNA1071039;Poland
BK074970;3005682;17/09/2025 15:22;PhaBV;PhaBV_SRR6513338_RNA1;SRR6513338;PRJNA431671;China
BK074971;3005682;17/09/2025 15:22;ClaBV;ClaBV_SRR26456953_RNA1;SRR26456953;PRJNA1029356;China
BK074972;3005682;17/09/2025 15:22;CsaBV;CsaBV_SRR15368600_RNA1;SRR15368600;PRJNA752837;USA
BK074973;3005688;17/09/2025 15:46;MaBV1;MaBV1_SRR6127592;SRR6127592;PRJNA412930;USA
BK074974;3005688;17/09/2025 15:46;DaBV1;DaBV1_SRR14635797;SRR14635797;PRJNA732289;uncalculated
BK074975;3005688;17/09/2025 15:46;PaBaV1;PaBaV1_SRR21460664;SRR21460664;PRJNA877420;China
BK074976;3005688;17/09/2025 15:46;PaBaV1;PaBaV1_SRR9842189;SRR9842189;PRJNA550294;China
BK074977;3005688;17/09/2025 15:46;PaBaV2;PaBaV2_SRR21460660;SRR21460660;PRJNA877420;China
BK074978;3005688;17/09/2025 15:46;PaBaV3;PaBaV3_SRR21460662;SRR21460662;PRJNA877420;China
BK074979;3005688;17/09/2025 15:46;PaBaV4;PaBaV4_SRR9842184;SRR9842184;PRJNA550294;China
BK074980;3005688;17/09/2025 15:46;PaBaV4;PaBaV4_SRR14793834;SRR14793834;PRJNA737079;uncalculated
BK074981;3005693;17/09/2025 16:04;CyaAEDV1;CyaAEDV1_SRR16349014;SRR16349014;PRJNA771426;China
BK074982;3005693;17/09/2025 16:04;EpAEDV1;EpAEDV1_SRR7030606;SRR7030606;PRJNA450088;France
BK074983;3005693;17/09/2025 16:04;EpEDV2;EpEDV2_SRR7030609;SRR7030609;PRJNA450088;France
BK074984;3005693;17/09/2025 16:04;HdAEDV1;HdAEDV1_SRR5722143;SRR5722143;PRJNA310678;China
BK074985;3005693;17/09/2025 16:04;LaAEDV1;LaAEDV1_SRR12850912;SRR12850912;PRJNA670210;nan
BK074986;3005696;17/09/2025 16:19;DoaBV1;DoaBV1_SRR21782702_RNA1;SRR21782702;PRJNA881972;China
BK074987;3005696;17/09/2025 16:19;DoaBV1;DoaBV1_SRR21782702_RNA2;SRR21782702;PRJNA881972;China
BK074988;3005697;17/09/2025 23:30;OphrDPV1;OphrDPV1_SRR10189299_RNA1_RdRp;SRR10189299;PRJNA574279;Greece
BK074989;3005697;17/09/2025 23:30;OphrDPV1;OphrDPV1_SRR10189310_RNA1_RdRp;SRR10189310;PRJNA574279;Italy
BK074990;3005697;17/09/2025 23:30;OphrDPV1;OphrDPV1_SRR10189341_RNA1_RdRp;SRR10189341;PRJNA574279;Greece
BK074991;3005697;17/09/2025 23:30;OphrDPV2;OphrDPV2_SRR10189297;SRR10189297;PRJNA574279;Greece
BK074992;3005697;17/09/2025 23:30;OphrDPV3;OphrDPV3_SRR10189295;SRR10189295;PRJNA574279;Greece
BK074993;3005697;17/09/2025 23:30;OphrDPV3;OphrDPV3_SRR10189297;SRR10189297;PRJNA574279;Greece
BK074994;3005697;17/09/2025 23:30;OphrDPV4;OphrDPV4_SRR10189296_RNA1;SRR10189296;PRJNA574279;Greece
BK074995;3005697;17/09/2025 23:30;OphrDPV4;OphrDPV4_SRR10189303_RNA1;SRR10189303;PRJNA574279;Italy
BK074996;3005697;17/09/2025 23:30;OphrDPV4;OphrDPV4_SRR10189312_RNA1;SRR10189312;PRJNA574279;Italy
BK074997;3005697;17/09/2025 23:30;OphrDPV4;OphrDPV4_SRR10189319_RNA1;SRR10189319;PRJNA574279;Greece
BK074998;3005697;17/09/2025 23:30;OphrDPV6;OphrDPV6_SRR10189296_RNA1;SRR10189296;PRJNA574279;Greece
BK074999;3005697;17/09/2025 23:30;OphrDPV6;OphrDPV6_SRR10189297_RNA1;SRR10189297;PRJNA574279;Greece
BK075000;3005697;17/09/2025 23:30;CymbDPV1;CymbDPV1_SRR11443148_RNA1;SRR11443148;PRJNA615961;China
BK075001;3005697;17/09/2025 23:30;CymbDPV1;CymbDPV1_SRR12087335_RNA1;SRR12087335;PRJNA641763;China
BK075002;3005697;17/09/2025 23:30;CymbDPV1;CymbDPV1_SRR13674030_RNA1;SRR13674030;PRJNA701082;China
BK075003;3005697;17/09/2025 23:30;CymbDPV1;CymbDPV1_SRR8438324_RNA1;SRR8438324;PRJNA514425;China
BK075004;3005697;17/09/2025 23:30;CymbDPV1;CymbDPV1_SRR11440590_RNA1;SRR11440590;PRJNA615961;China
BK075005;3005697;17/09/2025 23:30;CymbDPV1;CymbDPV1_SRR15058104_RNA1;SRR15058104;PRJNA744371;China
BK075006;3005697;17/09/2025 23:30;NeotDPV1;NeotDPV1_SRR11805799_RNA1;SRR11805799;PRJNA633477;Poland
BK075007;3005697;17/09/2025 23:30;CorDPV2;CorDPV2_SRR12619957_RNA1;SRR12619957;PRJNA661963;Australia
BK075008;3005697;17/09/2025 23:30;CorDPV1;CorDPV1_SRR12619957_RNA1;SRR12619957;PRJNA661963;Australia
BK075009;3005697;17/09/2025 23:30;CalanthDPV3;CalanthDPV3_SRR12876597_RNA1;SRR12876597;PRJNA669257;China
BK075010;3005697;17/09/2025 23:30;DendrDPV1;DendrDPV1_SRR13425885_RNA1;SRR13425885;PRJNA691441;China
BK075011;3005697;17/09/2025 23:30;PaphDPV3;PaphDPV3_SRR1405683_RNA1;SRR1405683;PRJNA252662;uncalculated
BK075012;3005697;17/09/2025 23:30;PaphDPV3;PaphDPV3_SRR15793048_RNA1;SRR15793048;PRJNA760286;China
BK075013;3005697;17/09/2025 23:30;PaphDPV1;PaphDPV1_SRR1405687_RNA1;SRR1405687;PRJNA253344;uncalculated
BK075014;3005697;17/09/2025 23:30;PaphDPV1;PaphDPV1_SRR15912634_RNA1;SRR15912634;PRJNA760286;China
BK075015;3005697;17/09/2025 23:30;DendrDPV4;DendrDPV4_SRR24751332_RNA1;SRR24751332;PRJNA976822;China
BK075016;3005697;17/09/2025 23:30;DendrDPV4;DendrDPV4_SRR8887201_RNA1;SRR8887201;PRJNA532339;China
BK075017;3005697;17/09/2025 23:30;PaphDPV6;PaphDPV6_SRR9842184_RNA1;SRR9842184;PRJNA550294;China
BK075018;3005697;17/09/2025 23:30;CymbDPV2;CymbDPV2_SRR15058106_RNA1;SRR15058106;PRJNA744371;China
BK075019;3005697;17/09/2025 23:30;CoralDPV1;CoralDPV1_SRR15368600_RNA1;SRR15368600;PRJNA752837;USA
BK075020;3005697;17/09/2025 23:30;DacthCV2;DacthCV2_SRR17665606_RNA1;SRR17665606;PRJNA317244;Hungary
BK075021;3005697;17/09/2025 23:30;DacthCV2;DacthCV2_SRR3330398_RNA1;SRR3330398;PRJNA317244;Sweden
BK075022;3005697;17/09/2025 23:30;DacthCV1;DacthCV1_SRR3330393_RNA1;SRR3330393;PRJNA317244;France
BK075023;3005697;17/09/2025 23:30;DacthDPV4;DacthDPV4_SRR17665611;SRR17665611;PRJNA317244;Hungary
BK075024;3005697;17/09/2025 23:30;DacthDPV4;DacthDPV4_SRR3330400;SRR3330400;PRJNA317244;United_Kingdom
BK075025;3005697;17/09/2025 23:30;DacthDPV6;DacthDPV6_SRR17665618;SRR17665618;PRJNA317244;Hungary
BK075026;3005697;17/09/2025 23:30;HabDPV2;HabDPV2_SRR1867575_RNA1;SRR1867575;PRJNA277581;Taiwan
BK075027;3005697;17/09/2025 23:30;PlatDPV1;PlatDPV1_SRR18919246;SRR18919246;PRJNA739531;China
BK075028;3005697;17/09/2025 23:30;PlatDPV2;PlatDPV2_SRR18919258;SRR18919258;PRJNA739531;China
BK075029;3005697;17/09/2025 23:30;ErycDPV2;ErycDPV2_SRR1913867;SRR1913867;PRJNA278061;Taiwan
BK075030;3005697;17/09/2025 23:30;DacthDPV5;DacthDPV5_SRR3330395;SRR3330395;PRJNA317244;United_Kingdom
BK075031;3005697;17/09/2025 23:30;SerapDPV1;SerapDPV1_SRR4270980;SRR4270980;PRJNA343607;nan
BK075032;3005697;17/09/2025 23:30;HemDPV2;HemDPV2_SRR5722142;SRR5722142;PRJNA310678;China
BK075033;3005697;17/09/2025 23:30;HemDPV4;HemDPV4_SRR5722142;SRR5722142;PRJNA310678;China
BK075034;3005697;17/09/2025 23:30;HemDPV6;HemDPV6_SRR5722142;SRR5722142;PRJNA310678;China
BK075035;3005697;17/09/2025 23:30;HabDPV1;HabDPV1_SRR5722143;SRR5722143;PRJNA310678;China
BK075036;3005697;17/09/2025 23:30;GalDPV1;GalDPV1_SRR5722169;SRR5722169;PRJNA310678;China
BK075037;3005697;17/09/2025 23:30;PhragDPV1;PhragDPV1_SRR6127594;SRR6127594;PRJNA412930;USA
BK075038;3005697;17/09/2025 23:30;EpipDPV5;EpipDPV5_SRR7030607;SRR7030607;PRJNA450088;Luxembourg
BK075039;3005697;17/09/2025 23:30;EpipDPV5;EpipDPV5_SRR7030609;SRR7030609;PRJNA450088;France
BK075040;3005697;17/09/2025 23:30;EpipDPV3;EpipDPV3_SRR7030609;SRR7030609;PRJNA450088;France
BK075041;3005697;17/09/2025 23:30;CyprDPV1;CyprDPV1_SRR7466547;SRR7466547;PRJNA479379;China
BK075042;3005697;17/09/2025 23:30;CyprDPV1;CyprDPV1_SRR26456931;SRR26456931;PRJNA1029356;China
BK075043;3005697;17/09/2025 23:30;CyprDPV1;CyprDPV1_SRR26456953;SRR26456953;PRJNA1029356;China
BK075044;3005697;17/09/2025 23:30;ErycDPV1;ErycDPV1_SRR7649989;SRR7649989;PRJNA483943;Panama
BK075045;3005697;17/09/2025 23:30;GymnDPV5;GymnDPV5_SRR8175671;SRR8175671;PRJNA504609;Italy
BK075046;3005697;17/09/2025 23:30;GymnDPV7;GymnDPV7_SRR8175671;SRR8175671;PRJNA504609;Italy
BK075047;3005697;17/09/2025 23:30;GymnDPV1;GymnDPV1_SRR8175673;SRR8175673;PRJNA504609;Switzerland
BK075048;3005697;17/09/2025 23:30;GymnDPV2;GymnDPV2_SRR8175718;SRR8175718;PRJNA504609;Switzerland
BK075049;3005697;17/09/2025 23:30;GymnDPV4;GymnDPV4_SRR8175725;SRR8175725;PRJNA504609;Switzerland
BK075050;3005697;17/09/2025 23:30;PaphDPV5;PaphDPV5_SRR9842179;SRR9842179;PRJNA550294;China
BK075051;3005697;17/09/2025 23:30;GymnDPV6;GymnDPV6_SRR22671435;SRR22671435;PRJNA910785;China
BK075052;3005697;17/09/2025 23:30;GlossDPV1;GlossDPV1_SRR26799544;SRR26799544;PRJNA1039539;Australia
BK075053;3005697;17/09/2025 23:30;OphrDPV5;OphrDPV5_SRR10189334;SRR10189334;PRJNA574279;Italy
BK075054;3005697;17/09/2025 23:30;DendrDPV2;DendrDPV2_SRR12805748;SRR12805748;PRJNA668448;uncalculated
BK075055;3005697;17/09/2025 23:30;DendrDPV2;DendrDPV2_SRR15036782;SRR15036782;PRJNA725550;China
BK075056;3005697;17/09/2025 23:30;DendrDPV2;DendrDPV2_SRR24083826;SRR24083826;PRJNA952313;China
BK075057;3005697;17/09/2025 23:30;EpidDPV1;EpidDPV1_SRR13069835;SRR13069835;PRJNA678229;Brazil
BK075058;3005697;17/09/2025 23:30;PaphDPV2;PaphDPV2_SRR13330707;SRR13330707;PRJNA684752;uncalculated
BK075059;3005697;17/09/2025 23:30;PaphDPV2;PaphDPV2_SRR1405685;SRR1405685;PRJNA252662;uncalculated
BK075060;3005697;17/09/2025 23:30;PaphDPV2;PaphDPV2_SRR15793056;SRR15793056;PRJNA760286;China
BK075061;3005697;17/09/2025 23:30;PaphDPV2;PaphDPV2_SRR5722160;SRR5722160;PRJNA310678;China
BK075062;3005697;17/09/2025 23:30;PaphDPV2;PaphDPV2_SRR6513332;SRR6513332;PRJNA431671;China
BK075063;3005697;17/09/2025 23:30;PaphDPV4;PaphDPV4_SRR14793823;SRR14793823;PRJNA737079;uncalculated
BK075064;3005697;17/09/2025 23:30;CremDPV1;CremDPV1_SRR15887019;SRR15887019;PRJNA762946;China
BK075065;3005697;17/09/2025 23:30;GoodDPV1;GoodDPV1_SRR1867375;SRR1867375;PRJNA277580;Taiwan
BK075066;3005697;17/09/2025 23:30;PlatDPV4;PlatDPV4_SRR18919250;SRR18919250;PRJNA739531;China
BK075067;3005697;17/09/2025 23:30;PlatDPV4;PlatDPV4_SRR18919251;SRR18919251;PRJNA739531;China
BK075068;3005697;17/09/2025 23:30;HemDPV5;HemDPV5_SRR5722142;SRR5722142;PRJNA310678;China
BK075069;3005697;17/09/2025 23:30;HemDPV1;HemDPV1_SRR5722142;SRR5722142;PRJNA310678;China
BK075070;3005697;17/09/2025 23:30;EpipDPV1;EpipDPV1_SRR7030597;SRR7030597;PRJNA450088;France
BK075071;3005697;17/09/2025 23:30;EpipDPV2;EpipDPV2_SRR7030607;SRR7030607;PRJNA450088;Luxembourg
BK075072;3005697;17/09/2025 23:30;EpipDPV2;EpipDPV2_SRR7030609;SRR7030609;PRJNA450088;France
BK075073;3005697;17/09/2025 23:30;EpipDPV4;EpipDPV4_SRR7030605;SRR7030605;PRJNA450088;France
BK075074;3005697;17/09/2025 23:30;CyprDPV2;CyprDPV2_SRR7466533;SRR7466533;PRJNA479379;China
BK075075;3005697;17/09/2025 23:30;CyprDPV3;CyprDPV3_SRR7466533;SRR7466533;PRJNA479379;China
BK075076;3005697;17/09/2025 23:30;DendrDPV3;DendrDPV3_SRR8887202;SRR8887202;PRJNA532339;China
BK075077;3005697;17/09/2025 23:30;CalanthDPV1;CalanthDPV1_SRR16768008;SRR16768008;PRJNA766248;China
BK075078;3006170;18/09/2025 11:55;EaPhV1;EaPhV1_SRR7650032;SRR7650032;PRJNA483943;Panama
BK075079;3006170;18/09/2025 11:55;PaPhV1;PaPhV1_SRR25654682;SRR25654682;PRJNA1004100;China
BK075080;3006170;18/09/2025 11:55;CaPhV1;CaPhV1_SRR26456941;SRR26456941;PRJNA1029356;China
BK075081;3006170;18/09/2025 11:55;CaPhV1;CaPhV1_SRR7466546;SRR7466546;PRJNA479379;China
BK075082;3006170;18/09/2025 11:55;CaPhV2;CaPhV2_SRR26456922;SRR26456922;PRJNA1029356;China
BK075083;3006174;18/09/2025 12:04;DaPV1;DaPV1_SRR24694124;SRR24694124;PRJNA975329;China
BK075084;3006174;18/09/2025 12:04;DaPV2;DaPV2_SRR10197565;SRR10197565;PRJNA574692;China
BK075085;3006174;18/09/2025 12:04;PaPotV1;PaPotV1_SRR16596628;SRR16596628;PRJNA760286;China
BK075086;3006174;18/09/2025 12:04;PaPotV2;PaPotV2_SRR16591801;SRR16591801;PRJNA760286;China
BK075087;3006208;18/09/2025 15:12;DCaRV1;DCaRV1_SRR13425885;SRR13425885;PRJNA691441;China
BK075088;3006210;18/09/2025 15:25;CypBCRV2;CypBCRV2_SRR26456899;SRR26456899;PRJNA1029356;China
BK075089;3006210;18/09/2025 15:25;PlaGCRV1;PlaGCRV1_SRR18919244;SRR18919244;PRJNA739531;China
BK075090;3006215;18/09/2025 16:26;OiaVL1;OiaVL1_SRR1238143;SRR1238143;PRJNA244609;uncalculated
BK075091;3006219;18/09/2025 16:36;CaSLV;CaSLV_SRR7275397_RNA2;SRR7275397;PRJNA474994;China
BK075092;3006220;18/09/2025 16:50;DwaPV1;DwaPV1_SRR10295919;SRR10295919;PRJNA577972;China
BK075093;3006222;18/09/2025 17:03;EpaTLV;EpaTLV_SRR13069831;SRR13069831;PRJNA678229;Brazil
BK075094;3006222;18/09/2025 17:03;CaaTLV;CaaTLV_SRR7275399;SRR7275399;PRJNA474994;China
BK075095;3006225;18/09/2025 17:12;GEaTBV1;GEaTBV1_SRR13334631;SRR13334631;PRJNA688757;China
BK075096;3006226;18/09/2025 17:19;CaLaV;CaLaV_SRR16768008;SRR16768008;PRJNA766248;China
BK075115;3006228;2/10/2025 0:02;GraHV1;GraHV1_SRR8175633;SRR8175633;PRJNA504609;Switzerland
BK075101;3006228;2/10/2025 0:02;CyaAEDV1;CyaAEDV1_SRR15194902;SRR15194902;PRJNA743748;China
BK075102;3006228;2/10/2025 0:02;CaAEDV1;CaAEDV1_SRR12619952;SRR12619952;PRJNA661963;Australia
BK075103;3006228;2/10/2025 0:02;VaCV1;VaCV1_SRR4010892_RNA1;SRR4010892;PRJNA320814;Taiwan
BK075104;3006228;2/10/2025 0:02;CalaDPV1;CalaDPV1_SRR12619951;SRR12619951;PRJNA661963;Australia
BK075105;3006228;2/10/2025 0:02;CalaDPV1;CalaDPV1_SRR12619953;SRR12619953;PRJNA661963;Australia
BK075106;3006228;2/10/2025 0:02;CalaDPV1;CalaDPV1_SRR12619954;SRR12619954;PRJNA661963;Australia
BK075107;3006228;2/10/2025 0:02;CalaDPV2;CalaDPV2_SRR12619951;SRR12619951;PRJNA661963;Australia
BK075108;3006228;2/10/2025 0:02;CrypDPV1;CrypDPV1_SRR12619943;SRR12619943;PRJNA661963;Australia
BK075109;3006228;2/10/2025 0:02;DacthCV1;DacthCV1_SRR3330396_RNA1;SRR3330396;PRJNA317244;Austria
BK075110;3006228;2/10/2025 0:02;DacthDPV2;DacthDPV2_SRR17665596_RNA1;SRR17665596;PRJNA317244;Hungary
BK075111;3006228;2/10/2025 0:02;DacthDPV7;DacthDPV7_SRR17665596;SRR17665596;PRJNA317244;Hungary
BK075112;3006228;2/10/2025 0:02;DendrDPV2;DendrDPV2_SRR16643616;SRR16643616;PRJNA776418;China
BK075113;3006228;2/10/2025 0:02;DendrDPV4;DendrDPV4_SRR18030164_RNA1;SRR18030164;PRJNA807080;nd
BK075114;3006228;2/10/2025 0:02;GymnDPV3;GymnDPV3_SRR22671435;SRR22671435;PRJNA910785;China
;;;;;;;
;;;;;;;
;;;;;;;
;;;;;;;
;;;;;;;
;;;;;;;
;;;;;;;
;;;;;;;
;;;;;;;
;;;;;;;
;;;;;;;
;;;;;;;
;;;;;;;
;;;;;;;
;;;;;;;
;;;;;;;
;;;;;;;
;;;;;;;
;;;;;;;
;;;;;;;
;;;;;;;
;;;;;;;
;;;;;;;
;;;;;;;
;;;;;;;
;;;;;;;
;;;;;;;
;;;;;;;
;;;;;;;
;;;;;;;
;;;;;;;
;;;;;;;
;;;;;;;
;;;;;;;
;;;;;;;
;;;;;;;
;;;;;;;
;;;;;;;
;;;;;;;
;;;;;;;
;;;;;;;
;;;;;;;
;;;;;;;
;;;;;;;
;;;;;;;
;;;;;;;
;;;;;;;
;;;;;;;
;;;;;;;
;;;;;;;
;;;;;;;
;;;;;;;
;;;;;;;
;;;;;;;
;;;;;;;
;;;;;;;
;;;;;;;
;;;;;;;
;;;;;;;
;;;;;;;
;;;;;;;
;;;;;;;
;;;;;;;
;;;;;;;
;;;;;;;
;;;;;;;
;;;;;;;
;;;;;;;
;;;;;;;
;;;;;;;
;;;;;;;
;;;;;;;
;;;;;;;
;;;;;;;
;;;;;;;
;;;;;;;
;;;;;;;
;;;;;;;
;;;;;;;
;;;;;;;
;;;;;;;
;;;;;;;
;;;;;;;
;;;;;;;
;;;;;;;
;;;;;;;
;;;;;;;
;;;;;;;
;;;;;;;
;;;;;;;
;;;;;;;
;;;;;;;
;;;;;;;
;;;;;;;
;;;;;;;
;;;;;;;
;;;;;;;
;;;;;;;
;;;;;;;
;;;;;;;
;;;;;;;
;;;;;;;
;;;;;;;
;;;;;;;
;;;;;;;
;;;;;;;
;;;;;;;
;;;;;;;
;;;;;;;
;;;;;;;
;;;;;;;
;;;;;;;
;;;;;;;
;;;;;;;
;;;;;;;
;;;;;;;
;;;;;;;
;;;;;;;
;;;;;;;
;;;;;;;
;;;;;;;
;;;;;;;
;;;;;;;
;;;;;;;
;;;;;;;
;;;;;;;
;;;;;;;
;;;;;;;
;;;;;;;
;;;;;;;
;;;;;;;
;;;;;;;
;;;;;;;
;;;;;;;
;;;;;;;
;;;;;;;
;;;;;;;
;;;;;;;
;;;;;;;
;;;;;;;
;;;;;;;
;;;;;;;
;;;;;;;
;;;;;;;
;;;;;;;
;;;;;;;
;;;;;;;
;;;;;;;
;;;;;;;
;;;;;;;
;;;;;;;
;;;;;;;
;;;;;;;
;;;;;;;
;;;;;;;
;;;;;;;
;;;;;;;
;;;;;;;
;;;;;;;
;;;;;;;
;;;;;;;
;;;;;;;
;;;;;;;
;;;;;;;
;;;;;;;
;;;;;;;
;;;;;;;
;;;;;;;
;;;;;;;
;;;;;;;
;;;;;;;
;;;;;;;
;;;;;;;
;;;;;;;
;;;;;;;
;;;;;;;
;;;;;;;
;;;;;;;
;;;;;;;
;;;;;;;
;;;;;;;
;;;;;;;
;;;;;;;
;;;;;;;
;;;;;;;
;;;;;;;
;;;;;;;
;;;;;;;
;;;;;;;
;;;;;;;
;;;;;;;
;;;;;;;
;;;;;;;
;;;;;;;
;;;;;;;
;;;;;;;
;;;;;;;
;;;;;;;
;;;;;;;
;;;;;;;
;;;;;;;
;;;;;;;
;;;;;;;
;;;;;;;
;;;;;;;
;;;;;;;
;;;;;;;
;;;;;;;
;;;;;;;
;;;;;;;
;;;;;;;
;;;;;;;
;;;;;;;
;;;;;;;
;;;;;;;
;;;;;;;
;;;;;;;
;;;;;;;
;;;;;;;
;;;;;;;
;;;;;;;
;;;;;;;
;;;;;;;
;;;;;;;
;;;;;;;
;;;;;;;
;;;;;;;
;;;;;;;
;;;;;;;
;;;;;;;
;;;;;;;
;;;;;;;
;;;;;;;
;;;;;;;
;;;;;;;
;;;;;;;
;;;;;;;
;;;;;;;
;;;;;;;
;;;;;;;
;;;;;;;
;;;;;;;
;;;;;;;
;;;;;;;
;;;;;;;
;;;;;;;
;;;;;;;
;;;;;;;
;;;;;;;
;;;;;;;
;;;;;;;
;;;;;;;
;;;;;;;
;;;;;;;
;;;;;;;
;;;;;;;
;;;;;;;
;;;;;;;
;;;;;;;
;;;;;;;
;;;;;;;
;;;;;;;
;;;;;;;
;;;;;;;
;;;;;;;
;;;;;;;
;;;;;;;
;;;;;;;
;;;;;;;
;;;;;;;
;;;;;;;
;;;;;;;
;;;;;;;
;;;;;;;
;;;;;;;
;;;;;;;
;;;;;;;
;;;;;;;
;;;;;;;
;;;;;;;
;;;;;;;
;;;;;;;
;;;;;;;
;;;;;;;
;;;;;;;
;;;;;;;
;;;;;;;
;;;;;;;
;;;;;;;
;;;;;;;
;;;;;;;
;;;;;;;
;;;;;;;
;;;;;;;
;;;;;;;
;;;;;;;
;;;;;;;
;;;;;;;
;;;;;;;
;;;;;;;
;;;;;;;
;;;;;;;
;;;;;;;
;;;;;;;
;;;;;;;
;;;;;;;
;;;;;;;
;;;;;;;
;;;;;;;
;;;;;;;
;;;;;;;
;;;;;;;
;;;;;;;
;;;;;;;
;;;;;;;
;;;;;;;
;;;;;;;
;;;;;;;
;;;;;;;
;;;;;;;
;;;;;;;
;;;;;;;
;;;;;;;
;;;;;;;
;;;;;;;
;;;;;;;
;;;;;;;
;;;;;;;
;;;;;;;
;;;;;;;
;;;;;;;
;;;;;;;
;;;;;;;
;;;;;;;
;;;;;;;
;;;;;;;
;;;;;;;
;;;;;;;
;;;;;;;
;;;;;;;
;;;;;;;
;;;;;;;
;;;;;;;
;;;;;;;
;;;;;;;
;;;;;;;
;;;;;;;
;;;;;;;
;;;;;;;
;;;;;;;
;;;;;;;
;;;;;;;
;;;;;;;
;;;;;;;
;;;;;;;
;;;;;;;
;;;;;;;
;;;;;;;
;;;;;;;
;;;;;;;
;;;;;;;
;;;;;;;
;;;;;;;
;;;;;;;
;;;;;;;
;;;;;;;
;;;;;;;
;;;;;;;
;;;;;;;
;;;;;;;
;;;;;;;
;;;;;;;
;;;;;;;
;;;;;;;
;;;;;;;
;;;;;;;
;;;;;;;
;;;;;;;
;;;;;;;
;;;;;;;
;;;;;;;
;;;;;;;
;;;;;;;
;;;;;;;
;;;;;;;
;;;;;;;
;;;;;;;
;;;;;;;
;;;;;;;
;;;;;;;
;;;;;;;
;;;;;;;
;;;;;;;
;;;;;;;
;;;;;;;
;;;;;;;
;;;;;;;
;;;;;;;
;;;;;;;
;;;;;;;
;;;;;;;
;;;;;;;
;;;;;;;
;;;;;;;
;;;;;;;
;;;;;;;
;;;;;;;
;;;;;;;
;;;;;;;
;;;;;;;
;;;;;;;
;;;;;;;
;;;;;;;
;;;;;;;
;;;;;;;
;;;;;;;
;;;;;;;
;;;;;;;
;;;;;;;
;;;;;;;
;;;;;;;
;;;;;;;
;;;;;;;
;;;;;;;
;;;;;;;
;;;;;;;
;;;;;;;
;;;;;;;
;;;;;;;
;;;;;;;
;;;;;;;
;;;;;;;
;;;;;;;
;;;;;;;
;;;;;;;
;;;;;;;
;;;;;;;
;;;;;;;
;;;;;;;
;;;;;;;
;;;;;;;
;;;;;;;
;;;;;;;
;;;;;;;
;;;;;;;
;;;;;;;
;;;;;;;
;;;;;;;
;;;;;;;
;;;;;;;
;;;;;;;
;;;;;;;
;;;;;;;
;;;;;;;
;;;;;;;
;;;;;;;
;;;;;;;
;;;;;;;
;;;;;;;
;;;;;;;
;;;;;;;
;;;;;;;
;;;;;;;
;;;;;;;
;;;;;;;
;;;;;;;
;;;;;;;
;;;;;;;
;;;;;;;
;;;;;;;
;;;;;;;
;;;;;;;
;;;;;;;
;;;;;;;
;;;;;;;
;;;;;;;
;;;;;;;
;;;;;;;
;;;;;;;
;;;;;;;
;;;;;;;
;;;;;;;
;;;;;;;
;;;;;;;
;;;;;;;
;;;;;;;
;;;;;;;
;;;;;;;
;;;;;;;
;;;;;;;
;;;;;;;
;;;;;;;
;;;;;;;
;;;;;;;
;;;;;;;
;;;;;;;
;;;;;;;
;;;;;;;
;;;;;;;
;;;;;;;
;;;;;;;
;;;;;;;
;;;;;;;
;;;;;;;
;;;;;;;
;;;;;;;
;;;;;;;
;;;;;;;
;;;;;;;
;;;;;;;
;;;;;;;
;;;;;;;
;;;;;;;
;;;;;;;
;;;;;;;
;;;;;;;
;;;;;;;
;;;;;;;
;;;;;;;
;;;;;;;
;;;;;;;
;;;;;;;
;;;;;;;
;;;;;;;
;;;;;;;
;;;;;;;
;;;;;;;
;;;;;;;
;;;;;;;
;;;;;;;
;;;;;;;
;;;;;;;
;;;;;;;
;;;;;;;
;;;;;;;
;;;;;;;
;;;;;;;
;;;;;;;
;;;;;;;
;;;;;;;
;;;;;;;
;;;;;;;
;;;;;;;
;;;;;;;
;;;;;;;
;;;;;;;
;;;;;;;
;;;;;;;
;;;;;;;
;;;;;;;
;;;;;;;
;;;;;;;
;;;;;;;
;;;;;;;
;;;;;;;
;;;;;;;
;;;;;;;
;;;;;;;
;;;;;;;
;;;;;;;
;;;;;;;
;;;;;;;
;;;;;;;
;;;;;;;
;;;;;;;
;;;;;;;
;;;;;;;
;;;;;;;
;;;;;;;
;;;;;;;
;;;;;;;
;;;;;;;
;;;;;;;
;;;;;;;
;;;;;;;
;;;;;;;
;;;;;;;
;;;;;;;
;;;;;;;
;;;;;;;
;;;;;;;
;;;;;;;
;;;;;;;
;;;;;;;
;;;;;;;
;;;;;;;
;;;;;;;
;;;;;;;
;;;;;;;
;;;;;;;
;;;;;;;
;;;;;;;
;;;;;;;
;;;;;;;
;;;;;;;
;;;;;;;
;;;;;;;
;;;;;;;
;;;;;;;
;;;;;;;
;;;;;;;
;;;;;;;
;;;;;;;
;;;;;;;
;;;;;;;
;;;;;;;
;;;;;;;
;;;;;;;
;;;;;;;
;;;;;;;
;;;;;;;
;;;;;;;
;;;;;;;
;;;;;;;
;;;;;;;
;;;;;;;
;;;;;;;
;;;;;;;
;;;;;;;
;;;;;;;
;;;;;;;
;;;;;;;
;;;;;;;
;;;;;;;
;;;;;;;
;;;;;;;
;;;;;;;
;;;;;;;
;;;;;;;
;;;;;;;
;;;;;;;
;;;;;;;
;;;;;;;
;;;;;;;
;;;;;;;
;;;;;;;
;;;;;;;
;;;;;;;
;;;;;;;
;;;;;;;
;;;;;;;
;;;;;;;
;;;;;;;
;;;;;;;
;;;;;;;
;;;;;;;
;;;;;;;
;;;;;;;
;;;;;;;
;;;;;;;
;;;;;;;
;;;;;;;
;;;;;;;
;;;;;;;
;;;;;;;
;;;;;;;
;;;;;;;
;;;;;;;
;;;;;;;
;;;;;;;
;;;;;;;
;;;;;;;
;;;;;;;
;;;;;;;
;;;;;;;
;;;;;;;
;;;;;;;
;;;;;;;
;;;;;;;
;;;;;;;
;;;;;;;
;;;;;;;
;;;;;;;
;;;;;;;
;;;;;;;
;;;;;;;
;;;;;;;
;;;;;;;
;;;;;;;
;;;;;;;
;;;;;;;
;;;;;;;
;;;;;;;
;;;;;;;
;;;;;;;
;;;;;;;
;;;;;;;
;;;;;;;
;;;;;;;
;;;;;;;
;;;;;;;
;;;;;;;
;;;;;;;
;;;;;;;
;;;;;;;
;;;;;;;
;;;;;;;
;;;;;;;
;;;;;;;
;;;;;;;
;;;;;;;
;;;;;;;
;;;;;;;
;;;;;;;
;;;;;;;
;;;;;;;
;;;;;;;
;;;;;;;
;;;;;;;
;;;;;;;
;;;;;;;
;;;;;;;
;;;;;;;
;;;;;;;
;;;;;;;
;;;;;;;
;;;;;;;
;;;;;;;
;;;;;;;
;;;;;;;
;;;;;;;
;;;;;;;
;;;;;;;
;;;;;;;
;;;;;;;
;;;;;;;
;;;;;;;
;;;;;;;
;;;;;;;
;;;;;;;
;;;;;;;
;;;;;;;
;;;;;;;
;;;;;;;
;;;;;;;
;;;;;;;
;;;;;;;
;;;;;;;
;;;;;;;
;;;;;;;
;;;;;;;
;;;;;;;
;;;;;;;
;;;;;;;
;;;;;;;
;;;;;;;
;;;;;;;
;;;;;;;
;;;;;;;
;;;;;;;
;;;;;;;
;;;;;;;
;;;;;;;
;;;;;;;
;;;;;;;
;;;;;;;
;;;;;;;
;;;;;;;
;;;;;;;
;;;;;;;
;;;;;;;
;;;;;;;
;;;;;;;
;;;;;;;
;;;;;;;
;;;;;;;
;;;;;;;
;;;;;;;
;;;;;;;
;;;;;;;
;;;;;;;
;;;;;;;
;;;;;;;
;;;;;;;
;;;;;;;
;;;;;;;
;;;;;;;
;;;;;;;
;;;;;;;
;;;;;;;
;;;;;;;
;;;;;;;
;;;;;;;
;;;;;;;
;;;;;;;
;;;;;;;
;;;;;;;
;;;;;;;
;;;;;;;
;;;;;;;
;;;;;;;
;;;;;;;
;;;;;;;
;;;;;;;
;;;;;;;
;;;;;;;
;;;;;;;
;;;;;;;
;;;;;;;
;;;;;;;
;;;;;;;
;;;;;;;
;;;;;;;
;;;;;;;
;;;;;;;
;;;;;;;
;;;;;;;
;;;;;;;
;;;;;;;
;;;;;;;
;;;;;;;
;;;;;;;
;;;;;;;
;;;;;;;
;;;;;;;
;;;;;;;
;;;;;;;
;;;;;;;
;;;;;;;
